1,Juan,2023-06-19 01:07:52
1,Juan,2023-06-19 01:10:06
1,Juan,2023-06-19 01:21:24
1,Juan,2023-06-19 01:22:08
1,Juan,2023-06-19 01:24:19
1,Juan,2023-06-19 01:40:41
1,Juan,2023-06-19 01:45:00
1,Juan,2023-06-19 01:50:10
1,Juan,2023-06-19 02:00:40
1,Juan,2023-06-19 02:19:04
1,Juan,2023-06-19 02:23:26
1,Juan,2023-06-19 03:26:54
1,Juan,2023-06-19 03:51:17
1,Juan,2023-06-19 04:52:38
1,Juan,2023-06-19 04:54:36
2,User01,2023-06-19 04:57:29
1,Juan,2023-06-19 07:11:42
1,Juan,2023-06-19 21:32:12
2,User01,2023-06-19 21:35:04
3,User02,2023-06-19 21:46:14
2,User01,2023-06-19 21:46:56
1,Admin01,2023-06-20 00:04:47
1,Admin01,2023-06-20 00:25:20
2,User01,2023-06-20 00:27:34
3,User02,2023-06-20 00:37:40
5,User04,2023-06-20 00:39:19
5,User04,2023-06-26 03:08:55
2,User01,2023-06-26 03:21:58
5,User04,2023-06-26 03:41:59
3,User02,2023-06-26 06:33:39
1,Admin01,2023-06-26 07:44:15
2,User01,2023-06-26 08:01:35
1,Admin01,2023-06-26 08:19:45
2,User01,2023-06-26 13:25:31
5,User04,2023-06-26 15:05:13
3,User02,2023-06-26 15:08:04
1,Admin01,2023-06-26 15:14:15
2,User01,2023-06-26 15:51:01
